region,latitude,longitude,temperature,wind_speed,humidity,rainfall_7day,vegetation_index,outbreak
Sindh,26.9827,66.9172,42.15,25.89,24.5,2.5,0.421,1
Punjab,32.2484,70.1029,46.34,34.14,15.86,4.55,0.228,1
KPK,31.0353,69.1153,36.55,19.0,9.73,24.34,0.263,0
KPK,31.9984,71.5712,38.03,6.63,30.48,4.26,0.146,0
Punjab,31.3797,71.9271,25.35,13.08,16.92,17.08,0.527,0
Sindh,27.5466,67.2939,39.58,15.91,27.24,13.67,0.229,0
KPK,33.2488,70.9758,45.39,30.45,20.08,14.26,0.465,0
Balochistan,28.3321,63.1708,43.23,17.49,18.39,13.57,0.199,0
Balochistan,26.0938,64.3872,33.69,15.27,8.52,4.97,0.598,0
Sindh,23.3702,67.7923,27.55,35.21,31.06,8.27,0.144,0
Punjab,31.9955,72.9565,31.04,24.64,22.17,24.29,0.694,0
Sindh,26.8548,68.469,36.5,19.96,8.94,2.7,0.122,1
Punjab,31.3797,73.4776,28.07,26.15,27.97,5.08,0.76,0
Sindh,23.8061,70.6485,42.78,27.17,40.24,20.09,0.231,0
Sindh,24.6217,66.6104,32.84,36.74,18.07,16.19,0.1,0
Sindh,23.0348,68.5537,34.18,12.77,12.44,8.44,0.76,0
Punjab,31.3486,72.0192,26.43,13.89,17.13,17.41,0.599,0
Punjab,28.2213,73.0478,36.06,6.8,18.31,22.71,0.268,0
Punjab,30.6867,72.7645,38.04,7.83,21.68,6.05,0.662,0
KPK,34.1676,71.6789,26.99,34.24,19.87,4.66,0.129,0
Sindh,24.1012,69.5557,42.81,17.2,11.56,23.51,0.378,0
Punjab,28.8251,71.7053,27.5,37.36,40.46,6.45,0.562,0
Balochistan,29.0998,63.0866,46.92,38.79,28.66,22.07,0.232,0
Sindh,26.6298,70.4856,44.52,32.3,31.76,2.1,0.213,0
Punjab,31.4841,71.8614,45.68,39.08,18.51,7.63,0.44,1
Balochistan,27.3456,66.6974,30.22,16.39,35.62,16.24,0.694,0
Balochistan,29.2552,65.0705,39.0,13.77,29.83,24.47,0.441,0
Sindh,26.9741,68.5132,37.69,22.24,15.22,18.06,0.297,1
Balochistan,26.2616,68.9564,35.34,14.78,40.69,18.69,0.767,0
KPK,35.8333,73.8181,43.77,15.31,22.25,21.28,0.322,0
Balochistan,28.3681,67.7537,45.46,7.46,15.73,16.78,0.351,0
KPK,35.3869,72.7038,40.33,29.59,21.3,7.34,0.667,1
Balochistan,29.6691,61.6528,25.11,26.98,15.19,1.77,0.378,0
Sindh,24.69,67.8779,27.07,25.24,9.33,11.64,0.48,0
KPK,35.302,70.2513,25.85,15.61,27.87,8.17,0.68,0
Punjab,31.7373,70.4267,26.14,23.6,28.0,15.94,0.608,0
Punjab,32.2876,70.2053,33.77,20.17,35.53,6.27,0.229,0
Sindh,26.4799,68.0448,28.81,10.48,17.26,13.73,0.6,0
Balochistan,29.8296,65.1336,39.46,20.25,35.01,1.19,0.496,0
KPK,31.072,69.5804,26.01,6.43,39.65,17.59,0.432,0
Punjab,32.8415,71.7315,35.22,27.74,9.78,23.73,0.721,0
KPK,34.1293,71.5157,43.84,28.05,14.03,1.76,0.55,0
Punjab,31.8184,74.0047,39.9,25.07,12.75,20.28,0.674,0
Balochistan,31.7671,68.2428,29.31,7.43,11.73,0.46,0.166,0
Balochistan,29.9343,64.0832,40.0,16.92,17.65,12.4,0.585,0
Sindh,27.3874,69.6754,42.68,14.87,14.57,18.77,0.665,0
Punjab,28.7661,71.2501,37.77,35.35,28.79,5.96,0.576,0
Sindh,23.5156,70.5128,36.12,33.93,19.84,22.39,0.372,1
Balochistan,31.0829,63.8392,46.05,28.69,25.85,12.33,0.158,0
Punjab,29.972,73.3626,41.55,32.71,37.22,2.28,0.446,0
Sindh,23.2794,69.6852,37.01,29.7,43.84,17.2,0.686,0
KPK,31.4205,72.5048,26.6,33.77,34.13,2.03,0.159,0
Punjab,33.1788,74.4018,30.21,36.77,29.9,8.76,0.596,0
Punjab,31.3504,72.1211,44.94,8.89,26.23,0.28,0.428,0
Punjab,32.6032,74.114,41.37,28.84,16.79,10.01,0.434,0
Balochistan,27.3416,68.7058,25.27,38.95,9.6,22.28,0.469,0
Balochistan,27.5179,66.5633,26.66,10.82,16.02,7.36,0.797,0
Sindh,27.5058,66.2272,31.18,38.26,40.94,11.39,0.534,0
Punjab,31.8811,71.9413,30.05,14.31,21.33,6.5,0.417,1
Balochistan,27.8572,67.5104,40.06,10.69,41.7,20.56,0.765,0
Sindh,27.5959,66.4137,44.29,24.31,14.1,10.28,0.644,0
Sindh,23.7521,68.9707,33.38,38.95,39.16,20.96,0.428,0
Balochistan,26.082,61.6029,40.22,23.7,35.75,22.83,0.51,0
KPK,35.2482,70.2367,34.91,9.52,43.3,15.15,0.26,0
Punjab,28.2814,71.3434,25.49,22.44,25.62,20.78,0.315,0
Punjab,31.3656,74.3833,33.88,9.69,9.06,18.88,0.534,0
Sindh,27.5158,69.0863,46.57,26.28,31.56,13.87,0.164,0
Balochistan,29.0839,67.2692,33.72,26.77,39.91,23.74,0.203,0
KPK,34.8446,69.3312,26.01,26.73,20.85,5.23,0.506,0
Sindh,23.6444,66.6402,28.34,9.86,31.71,4.55,0.342,0
Sindh,25.5762,70.8656,38.24,12.83,38.41,8.63,0.343,1
KPK,31.6032,71.3039,29.54,17.75,26.63,17.26,0.128,0
Balochistan,30.1267,65.0933,28.45,18.21,8.1,21.71,0.159,0
Punjab,29.2561,71.8524,35.66,26.64,21.65,11.56,0.623,1
Punjab,28.7987,73.4358,43.58,31.24,9.13,21.68,0.348,0
Punjab,29.6155,71.8864,25.44,16.27,15.82,8.19,0.184,0
Punjab,30.8438,71.7755,39.27,21.79,29.62,18.42,0.49,0
Punjab,28.7655,71.4189,32.99,27.61,29.12,8.9,0.791,0
Balochistan,26.0452,62.8027,33.04,22.07,39.48,2.2,0.664,0
Balochistan,26.4814,65.1961,34.03,39.38,12.15,9.95,0.779,0
KPK,35.8753,71.4537,40.9,33.73,34.58,13.38,0.434,0
Balochistan,27.1223,63.5894,34.36,22.77,16.97,2.87,0.527,0
Balochistan,29.0366,68.4561,32.05,25.79,21.66,11.36,0.484,0
KPK,32.6118,73.0494,30.6,28.85,36.13,14.89,0.43,0
KPK,31.5335,73.2536,41.41,19.3,42.52,24.77,0.244,0
Balochistan,30.4467,65.5958,43.52,9.89,37.42,5.04,0.215,0
Balochistan,27.4142,66.0701,44.97,16.07,29.77,17.07,0.416,0
Punjab,30.7761,71.5069,41.45,22.6,16.59,22.49,0.369,0
Punjab,29.3742,72.7142,34.49,16.65,35.03,17.34,0.217,0
Balochistan,29.2008,68.1511,42.35,10.31,19.53,6.21,0.621,1
KPK,34.5703,71.4699,41.6,8.6,27.85,9.47,0.42,0
Sindh,26.9865,66.7496,30.04,30.28,34.64,16.03,0.586,0
Sindh,25.9951,70.134,46.1,16.99,16.41,10.59,0.302,0
KPK,33.9311,71.5294,38.45,5.63,40.27,23.3,0.496,0
Punjab,28.1381,73.2568,41.97,18.11,10.55,1.93,0.173,1
Sindh,25.2542,66.5662,46.67,34.36,12.61,23.02,0.709,0
Punjab,31.6474,71.8965,41.37,12.2,37.15,15.09,0.18,0
KPK,35.5993,70.7317,32.63,30.81,24.73,5.62,0.417,0
Punjab,31.4658,70.8276,25.75,15.9,36.88,6.94,0.254,0
Balochistan,27.0682,68.6886,28.27,19.51,11.16,24.92,0.452,0
Balochistan,28.3839,64.4143,42.6,17.23,25.32,15.62,0.364,0
Sindh,23.3285,69.8776,34.97,23.35,24.31,10.02,0.492,0
Balochistan,28.0062,61.604,41.57,14.53,41.2,13.16,0.661,0
Punjab,32.2958,73.2946,25.6,12.77,16.55,16.8,0.114,0
Sindh,25.8472,70.4373,37.25,30.23,37.8,24.72,0.522,0
Punjab,30.3831,73.3404,29.51,15.26,41.16,0.33,0.16,0
Sindh,23.6139,70.3822,39.14,29.64,41.69,15.62,0.335,0
Sindh,25.9515,67.3403,38.73,19.33,28.43,10.9,0.306,0
KPK,34.8988,69.5712,37.45,39.49,25.43,4.55,0.439,0
Balochistan,29.2498,66.0678,30.67,9.88,38.89,24.61,0.468,0
Sindh,26.4159,70.1129,36.65,33.53,26.43,1.68,0.384,0
Punjab,29.2385,70.055,28.01,36.5,40.33,14.94,0.52,0
Sindh,25.8665,70.1905,33.9,31.98,23.62,8.85,0.771,0
Balochistan,29.6189,62.9628,33.56,15.1,21.16,17.98,0.308,0
KPK,32.9832,73.7704,27.97,21.93,17.99,13.5,0.213,0
Balochistan,28.9782,65.7747,32.35,31.98,11.94,1.88,0.61,0
Sindh,25.9914,68.2984,26.67,7.72,8.09,24.19,0.104,0
Balochistan,26.5495,68.3385,28.01,38.26,24.5,4.63,0.479,0
Punjab,31.8337,73.7952,40.93,27.3,44.28,22.58,0.553,0
Balochistan,31.6644,61.3154,40.52,37.38,14.68,14.2,0.741,1
Balochistan,30.3861,62.5408,27.54,19.76,37.43,18.63,0.138,0
Sindh,27.1446,66.185,38.12,13.05,12.46,1.92,0.587,0
Sindh,25.0224,68.8621,42.69,23.84,32.48,18.45,0.464,0
Punjab,29.3978,70.122,44.14,5.74,40.36,13.22,0.757,0
Sindh,23.0474,66.2634,26.95,6.32,25.75,14.52,0.29,0
KPK,33.0888,71.1068,41.23,13.36,12.09,8.87,0.301,0
KPK,33.9455,70.3863,45.03,6.58,12.05,9.79,0.187,0
Balochistan,30.7181,61.7153,34.19,35.77,42.96,11.69,0.529,0
Punjab,28.3899,72.0079,43.43,13.07,38.73,3.01,0.133,0
Balochistan,27.1186,67.2367,32.7,7.02,43.86,22.09,0.749,0
Balochistan,27.5614,65.122,35.81,39.87,41.21,11.58,0.536,0
Balochistan,29.5576,65.6407,27.01,35.71,17.83,3.24,0.722,0
Punjab,28.2125,71.6453,45.49,30.73,18.41,6.32,0.104,1
Punjab,30.9753,70.4052,29.84,28.91,10.82,21.28,0.447,0
Balochistan,31.4391,65.5706,39.57,24.03,39.99,18.35,0.465,0
Punjab,33.1035,74.3365,40.58,34.3,33.81,17.0,0.533,0
Sindh,27.4082,70.8066,35.24,35.77,8.19,20.5,0.26,0
KPK,35.0898,73.1607,36.16,5.22,18.62,15.42,0.787,0
Sindh,24.8835,66.0454,43.01,9.5,18.48,0.46,0.403,0
Punjab,31.7957,74.6601,27.26,37.8,33.45,1.7,0.311,0
KPK,34.5429,71.3679,26.27,7.61,39.54,24.75,0.573,0
Sindh,23.6504,69.7913,25.54,5.77,19.97,12.22,0.639,0
KPK,31.7947,71.3427,45.77,8.58,39.61,13.18,0.678,0
Punjab,28.4943,73.4025,39.4,14.56,43.18,3.78,0.403,0
Punjab,33.1442,74.8226,41.72,20.48,19.54,8.02,0.607,1
Sindh,23.1557,69.2583,33.11,35.25,25.51,24.2,0.23,0
Balochistan,26.9219,64.6295,36.67,5.63,37.48,7.35,0.738,0
Punjab,32.7792,72.4076,27.58,9.38,33.37,10.76,0.24,0
Sindh,26.2576,67.6296,37.99,20.16,44.42,3.74,0.425,0
KPK,33.3997,72.0001,31.42,29.32,39.82,19.5,0.128,0
Punjab,28.8755,70.514,37.56,5.64,25.85,5.26,0.342,0
KPK,32.6323,71.5886,26.93,17.27,9.23,1.96,0.378,0
Sindh,24.0043,69.466,43.07,6.44,32.8,23.79,0.187,0
Balochistan,31.6173,61.4158,36.91,29.82,40.23,17.85,0.661,0
Sindh,25.422,69.3041,37.17,25.91,37.0,12.02,0.129,0
KPK,31.4081,69.3018,30.44,10.58,40.26,5.48,0.783,0
Punjab,33.231,72.1683,25.96,10.66,8.77,16.33,0.333,0
Sindh,26.2516,66.9977,39.97,7.53,9.13,6.44,0.424,0
Sindh,25.0795,70.2312,38.83,30.74,36.41,12.62,0.48,0
Balochistan,28.6317,66.8021,35.71,35.57,41.33,10.54,0.294,0
KPK,32.7958,70.9192,35.25,34.26,16.72,19.4,0.384,0
KPK,32.1877,73.857,28.98,34.9,26.21,6.18,0.71,0
Punjab,31.4765,73.3131,27.1,27.82,19.55,9.98,0.701,1
Balochistan,30.6408,62.047,46.34,20.88,16.73,1.84,0.219,1
KPK,34.347,69.7288,34.89,25.58,43.1,6.31,0.351,0
Sindh,26.682,69.319,35.44,34.55,37.81,14.63,0.708,0
Balochistan,26.2051,68.8935,27.71,13.09,9.91,16.0,0.257,0
Sindh,24.5808,68.5362,25.91,10.19,44.51,24.13,0.103,0
KPK,35.8655,71.9006,30.59,23.26,20.68,13.31,0.188,0
Punjab,32.2281,71.0093,39.82,38.95,11.47,16.82,0.411,0
KPK,32.2765,72.3082,46.53,18.1,8.65,6.1,0.682,1
Balochistan,26.1823,68.4476,40.17,28.68,15.98,16.47,0.376,0
KPK,32.7429,69.7964,38.31,16.13,40.06,24.83,0.627,0
Sindh,26.6922,70.3926,33.89,16.45,32.7,20.2,0.634,0
Sindh,27.3445,67.8784,31.53,27.72,20.15,15.76,0.527,0
Sindh,24.9428,68.2435,30.23,18.06,16.41,1.83,0.522,0
KPK,34.7967,71.5022,36.93,38.3,39.35,22.86,0.67,0
Balochistan,28.3929,65.6414,36.74,26.28,36.3,20.32,0.603,0
Balochistan,30.9344,64.4469,44.73,7.49,43.32,16.37,0.366,0
Balochistan,28.1097,61.8114,35.69,13.99,18.54,7.68,0.662,0
Punjab,28.5378,73.5882,33.8,39.19,38.46,13.06,0.186,0
Sindh,25.6258,69.5452,27.35,24.86,17.49,24.07,0.438,0
Balochistan,28.2411,65.212,27.47,5.09,31.61,12.88,0.515,0
Sindh,26.0549,68.0551,43.48,36.5,21.08,5.92,0.646,1
Sindh,27.2559,69.3571,42.81,31.83,13.54,10.6,0.207,0
Punjab,33.1768,71.0837,27.11,5.83,31.75,15.18,0.483,0
KPK,34.1601,69.2923,28.12,14.61,30.09,16.9,0.41,0
Balochistan,30.1546,68.93,27.82,8.64,34.8,14.46,0.292,0
Punjab,31.8717,72.9788,33.83,17.84,20.71,15.43,0.41,0
Punjab,32.8021,71.1686,36.88,35.8,32.08,13.32,0.327,0
KPK,31.2617,70.8924,32.98,39.84,24.52,8.34,0.506,0
Balochistan,27.0518,66.52,29.42,23.75,11.58,11.26,0.629,0
Punjab,33.8874,72.3744,33.42,9.19,44.04,0.5,0.616,0
Balochistan,31.0522,65.1677,38.72,8.12,35.95,3.19,0.678,0
KPK,31.3155,69.5882,30.0,16.96,22.09,8.66,0.267,0
Sindh,24.9849,68.236,38.21,23.05,42.02,12.42,0.795,0
KPK,33.5058,70.9859,36.87,26.98,32.95,13.31,0.605,0
Sindh,24.5234,66.4046,33.87,11.07,33.71,8.65,0.783,0
Balochistan,29.451,64.8348,31.9,26.22,13.15,22.46,0.681,0
Sindh,24.9933,66.7319,33.09,7.39,8.96,3.38,0.774,0
Punjab,28.7322,72.9715,45.6,35.66,18.28,21.29,0.1,1
KPK,34.251,69.7601,26.35,32.33,25.01,1.45,0.796,0
Punjab,29.7841,72.1517,28.75,7.61,36.96,6.63,0.224,0
Balochistan,29.0565,68.9736,42.91,26.53,19.33,15.6,0.469,0
Sindh,26.9605,68.024,39.39,17.4,27.44,12.04,0.224,0
Balochistan,26.0662,64.3292,35.59,5.67,17.61,19.01,0.196,0
Balochistan,27.941,67.6744,38.84,11.96,10.39,1.07,0.36,0
Sindh,25.2719,70.2218,27.16,22.09,13.55,8.12,0.616,0
Balochistan,29.6845,67.8765,33.63,38.47,12.93,2.55,0.561,0
KPK,33.188,70.2734,43.5,6.34,41.37,11.54,0.546,0
Sindh,25.2506,67.1348,44.57,20.77,40.65,2.64,0.792,0
Punjab,28.25,70.424,40.76,7.52,10.64,0.3,0.77,0
KPK,33.3097,73.9579,46.36,37.98,37.0,8.87,0.388,0
KPK,34.8219,70.3252,25.46,7.88,43.81,7.39,0.638,0
KPK,34.3368,69.0521,30.62,14.12,10.56,24.0,0.435,0
KPK,34.9936,70.4641,46.56,26.07,29.55,18.7,0.668,0
Sindh,23.2187,66.554,38.17,8.33,21.91,13.75,0.372,0
Punjab,29.4442,70.6075,29.34,36.04,31.9,7.15,0.671,0
Balochistan,27.5506,65.3521,38.99,12.74,44.2,18.7,0.49,0
Punjab,29.0646,72.7251,46.66,37.81,9.6,4.12,0.192,1
Sindh,27.8256,68.442,28.31,16.98,23.3,18.95,0.62,0
KPK,33.8251,72.4444,44.21,27.27,36.16,4.0,0.423,1
Balochistan,30.4503,68.0516,31.11,11.79,40.55,16.44,0.318,0
KPK,34.0799,69.9401,32.82,32.43,28.51,0.13,0.633,1
Balochistan,26.0662,66.9964,41.69,28.74,35.98,21.05,0.429,0
KPK,32.8415,71.2431,40.89,36.02,29.94,9.79,0.389,0
Balochistan,26.1744,62.3351,28.99,18.57,22.89,21.86,0.457,0
Balochistan,29.4799,65.4919,37.33,26.12,33.03,20.12,0.289,0
Balochistan,29.8189,62.192,40.3,31.11,44.33,5.25,0.678,0
Balochistan,26.8847,63.6255,34.55,8.1,16.16,14.96,0.615,0
Punjab,29.7967,70.8674,39.03,22.37,14.6,17.15,0.794,0
Sindh,25.8594,68.9388,29.06,17.68,20.38,0.65,0.117,0
Balochistan,30.186,68.4369,42.22,6.96,39.55,5.64,0.364,0
Punjab,32.8159,72.2909,35.63,9.67,10.98,18.2,0.448,0
Balochistan,26.0422,61.4582,29.95,9.6,22.76,23.07,0.43,1
Punjab,28.3423,71.4109,30.76,13.64,41.53,6.24,0.29,0
KPK,35.2239,70.3407,28.44,34.86,9.72,15.49,0.493,0
KPK,33.0555,70.7367,44.8,5.76,32.56,24.08,0.492,0
KPK,35.1393,72.9386,38.74,22.31,44.24,3.62,0.608,0
Balochistan,28.7836,68.776,38.39,17.23,12.22,3.78,0.258,0
Sindh,26.4188,68.7255,46.57,12.96,22.95,13.56,0.654,0
KPK,31.4086,71.2915,35.66,10.8,42.99,21.25,0.568,0
Punjab,30.761,73.7464,31.39,32.54,12.14,8.9,0.785,0
Balochistan,27.2082,63.069,28.62,16.56,36.0,12.98,0.243,0
KPK,31.8081,70.2775,45.83,24.61,35.78,13.95,0.487,0
Sindh,27.5461,68.6935,35.95,8.69,32.3,20.55,0.366,0
Sindh,23.978,66.9336,27.07,17.48,36.03,6.91,0.319,0
Sindh,27.5755,68.6651,28.48,29.36,37.35,7.92,0.7,0
KPK,31.8443,71.5353,38.16,6.17,21.46,18.32,0.674,0
KPK,34.0765,69.4173,44.41,33.13,26.69,24.18,0.392,0
Balochistan,30.3511,63.5841,46.94,39.29,32.28,3.25,0.581,0
Punjab,32.3161,74.4513,26.75,30.6,14.93,21.45,0.673,0
Sindh,26.7979,70.9403,44.83,27.81,19.62,6.36,0.673,1
KPK,31.8688,72.5601,43.17,8.52,16.88,3.55,0.344,0
KPK,34.0689,71.1775,37.7,30.83,37.83,21.09,0.278,1
Balochistan,30.0571,63.6008,40.1,7.44,14.47,21.39,0.259,0
Sindh,23.3854,67.7019,44.06,12.54,21.33,1.71,0.634,0
Punjab,33.6298,74.356,41.85,32.6,32.6,6.51,0.735,0
Sindh,23.8454,67.9488,33.35,12.94,22.12,3.22,0.389,0
Sindh,25.1127,66.2101,41.28,37.13,18.36,21.46,0.305,0
KPK,34.4966,73.1973,46.6,26.75,28.69,15.71,0.473,0
Punjab,28.6755,73.5184,36.9,8.38,16.95,0.31,0.428,0
Sindh,23.3712,67.1318,41.07,25.96,10.39,21.93,0.714,0
KPK,35.4615,69.9267,26.74,13.38,37.4,0.87,0.508,0
KPK,33.8667,72.2941,30.55,12.71,26.07,18.44,0.468,1
Sindh,27.1464,70.3949,37.58,23.11,23.93,7.92,0.404,1
Balochistan,28.0449,62.3186,28.75,38.18,24.47,19.72,0.548,0
Punjab,28.6253,71.9226,35.73,27.83,43.17,15.02,0.621,0
Sindh,25.0349,70.4574,25.06,6.39,30.35,22.68,0.267,0
Balochistan,27.9881,64.8563,29.31,26.38,18.39,5.17,0.462,1
KPK,31.2475,73.1666,43.57,14.97,25.13,10.96,0.253,0
KPK,35.6588,70.9851,26.92,26.6,12.21,8.63,0.455,0
Balochistan,30.0525,61.3588,34.91,37.53,14.11,9.75,0.611,0
Balochistan,30.2842,65.8632,31.81,33.83,43.34,20.53,0.101,0
Sindh,26.5879,70.1479,25.89,35.51,17.5,16.63,0.66,0
Balochistan,26.7262,64.3516,41.53,7.49,10.97,8.87,0.759,0
Balochistan,29.8787,68.1043,38.17,22.58,13.14,2.89,0.208,1
KPK,31.6028,73.5123,26.46,23.69,13.26,0.29,0.395,0
Balochistan,26.5064,64.1949,45.02,33.28,15.99,11.67,0.672,0
Balochistan,30.155,64.4394,39.81,14.64,19.33,19.72,0.412,0
Sindh,25.2506,68.8963,41.71,8.46,40.92,0.31,0.359,1
Punjab,32.1304,71.8728,28.67,20.07,13.28,22.25,0.342,0
Balochistan,29.1034,64.0313,25.15,18.51,37.29,14.9,0.171,0
Punjab,30.1876,71.0895,46.74,20.89,33.47,3.51,0.44,1
Sindh,25.6596,66.6789,27.18,12.31,42.25,10.35,0.377,0
Balochistan,28.7511,63.314,44.8,9.06,43.37,7.85,0.722,0
Punjab,31.2723,70.441,38.35,10.31,9.14,24.27,0.641,0
Balochistan,29.3223,65.3336,41.76,34.18,24.3,7.56,0.282,1
Balochistan,29.0447,66.4191,30.17,34.07,28.16,4.13,0.508,0
Balochistan,29.7574,64.9112,33.84,39.78,40.57,15.59,0.499,0
Balochistan,30.3849,62.1839,43.76,29.88,41.56,3.31,0.515,0
KPK,33.6669,73.3498,27.87,32.67,12.62,19.86,0.293,0
Punjab,33.8176,74.7456,36.28,8.28,35.92,12.3,0.312,0
Sindh,24.0161,69.809,33.5,22.89,26.22,14.43,0.706,0
KPK,33.2173,72.0106,38.01,33.23,25.63,24.9,0.142,1
Balochistan,31.0818,68.1447,26.37,35.92,24.59,12.76,0.539,0
Punjab,32.5756,74.6463,25.67,35.52,27.51,15.81,0.551,0
Balochistan,27.6726,62.6856,46.06,5.31,44.92,16.92,0.68,0
Sindh,23.2208,67.7089,38.92,7.42,8.21,23.43,0.675,0
Balochistan,31.0755,65.9088,26.95,22.07,10.87,10.19,0.385,0
Sindh,25.7457,69.1604,37.69,29.42,8.23,2.52,0.708,1
Balochistan,29.0037,67.3561,40.56,6.76,10.7,10.07,0.307,0
Sindh,25.0065,67.4626,28.35,14.32,8.81,14.58,0.69,0
KPK,35.8949,72.0175,32.87,27.67,12.55,22.22,0.452,0
KPK,35.1072,71.7733,39.02,23.42,25.14,5.87,0.312,0
KPK,33.6008,69.7144,42.06,14.5,26.38,7.11,0.194,0
Sindh,24.3577,68.0122,27.26,11.62,36.97,17.88,0.515,0
Punjab,33.036,70.0191,30.43,30.93,19.7,2.55,0.352,0
Sindh,27.3327,68.859,44.96,38.0,23.63,9.43,0.755,1
Balochistan,30.1221,64.9505,33.53,27.14,34.04,0.11,0.217,0
Balochistan,27.0968,63.2275,27.85,28.66,42.93,6.72,0.433,0
Balochistan,26.2891,63.8804,46.05,22.51,24.01,11.44,0.246,0
Punjab,28.0173,74.2948,29.09,24.32,23.38,17.99,0.36,0
KPK,35.4008,70.0787,39.91,26.27,18.93,3.42,0.556,1
Punjab,33.8476,70.261,40.01,21.39,29.43,2.13,0.13,0
Balochistan,26.6691,65.1269,30.89,34.24,8.54,9.48,0.336,1
Punjab,33.6931,70.1571,41.2,16.56,41.52,6.67,0.607,0
KPK,33.5952,72.3877,31.86,32.09,36.6,13.03,0.783,0
Balochistan,26.4583,64.0606,33.09,11.36,24.11,8.3,0.339,0
Sindh,24.7405,67.8587,25.03,15.49,31.92,24.35,0.693,1
Sindh,27.1488,69.0307,31.41,12.25,13.64,22.49,0.597,0
KPK,33.4204,72.7372,35.42,7.02,43.44,23.57,0.65,0
KPK,34.223,71.8065,42.09,12.17,34.85,15.49,0.727,0
Sindh,25.8915,66.7348,42.84,27.26,22.36,16.85,0.282,0
Punjab,30.024,73.6249,36.85,7.12,33.53,17.25,0.751,0
Balochistan,28.686,62.0742,46.07,23.54,16.95,12.52,0.576,0
KPK,35.6433,72.8043,37.03,11.31,24.97,14.02,0.705,0
Balochistan,26.2999,67.7492,46.59,32.76,39.59,6.05,0.772,0
Sindh,25.4912,68.0334,45.97,23.29,16.11,11.47,0.744,0
KPK,34.1117,73.9059,29.18,32.74,41.59,23.59,0.772,0
KPK,35.8353,70.964,43.79,32.06,19.47,5.8,0.421,1
Punjab,31.3905,73.8581,35.98,5.42,8.33,8.93,0.748,0
Sindh,23.2303,70.0404,28.91,23.01,37.91,6.35,0.272,0
Punjab,31.9746,70.5925,31.36,18.92,42.02,24.83,0.131,0
Balochistan,29.8127,61.7258,25.72,7.02,24.44,6.89,0.535,0
Balochistan,29.3844,63.8686,39.45,13.41,15.09,22.96,0.171,0
Sindh,26.7589,67.1435,46.04,10.19,33.14,5.62,0.402,0
Punjab,31.4805,72.5835,41.69,14.89,21.06,22.35,0.763,0
Balochistan,30.5787,67.5853,44.56,24.06,15.57,6.38,0.307,1
KPK,32.0354,69.3558,26.52,37.93,26.76,10.24,0.668,0
Balochistan,30.3605,67.1912,32.76,33.87,27.08,11.58,0.132,0
Balochistan,26.2254,62.0229,41.84,5.0,23.41,13.06,0.138,0
Sindh,24.0179,66.0505,34.62,35.9,9.92,4.78,0.317,0
Punjab,32.4514,74.2421,34.3,15.6,20.04,17.82,0.672,0
KPK,32.6848,73.9977,33.93,12.72,36.21,13.56,0.205,0
Sindh,25.7225,69.5466,28.68,32.32,29.6,23.81,0.13,0
Punjab,33.6953,73.1608,27.86,24.6,36.89,17.71,0.22,0
Sindh,27.1375,69.486,40.72,21.16,42.08,17.36,0.61,0
Balochistan,26.1851,61.4152,28.13,12.47,32.61,3.93,0.183,0
Punjab,31.3724,74.7355,35.92,18.32,14.03,19.66,0.614,0
Sindh,26.9109,66.6219,42.55,26.56,39.2,2.44,0.491,0
KPK,33.7322,73.8352,26.14,22.67,34.58,21.57,0.225,0
Sindh,27.7623,67.1336,44.35,33.31,33.05,15.63,0.322,0
Balochistan,30.7801,63.0037,38.75,25.01,38.81,22.65,0.109,0
Punjab,29.1215,70.099,33.6,11.7,23.23,23.37,0.401,0
Balochistan,26.4101,67.2701,31.29,20.15,33.36,8.31,0.14,0
Punjab,33.8923,73.9243,41.14,9.07,36.9,19.63,0.521,0
Punjab,29.6579,72.1601,46.57,7.36,27.19,4.48,0.779,0
KPK,33.7775,69.9491,37.81,12.16,27.23,1.85,0.524,0
Sindh,24.3427,67.4373,39.45,38.9,30.33,1.92,0.153,0
Sindh,25.1519,69.479,35.08,8.22,28.48,16.04,0.593,0
Sindh,26.3801,69.5331,38.42,15.95,18.03,14.94,0.706,0
KPK,33.2454,72.0613,29.69,37.87,8.25,19.31,0.538,0
Balochistan,28.4489,61.1232,37.82,13.86,24.66,23.94,0.379,0
KPK,34.697,70.0733,39.63,22.43,35.48,8.18,0.723,0
Balochistan,28.6041,63.0697,34.56,30.32,8.34,14.74,0.529,0
KPK,34.5043,70.0201,39.39,33.64,9.85,22.79,0.121,0
KPK,32.354,70.2378,26.38,21.06,35.11,15.17,0.571,0
Punjab,29.9982,74.4248,33.43,22.27,18.48,19.67,0.378,0
Sindh,26.6896,68.6072,26.51,17.99,42.07,14.61,0.477,0
Punjab,33.4915,74.2991,25.77,32.56,23.22,21.84,0.547,0
Punjab,30.6553,73.2466,45.6,7.24,38.52,7.31,0.411,1
Punjab,31.5414,72.0382,35.33,5.99,15.77,7.03,0.599,1
Balochistan,27.5614,62.2759,28.53,7.47,14.87,16.61,0.717,0
Punjab,30.6772,74.0292,25.18,37.36,24.4,13.83,0.278,0
KPK,35.1428,72.9465,31.77,36.98,43.25,8.17,0.348,0
Sindh,24.1589,67.593,44.88,7.72,38.67,8.72,0.465,0
Sindh,27.1895,70.2938,41.46,20.37,30.59,4.01,0.572,0
KPK,32.924,71.4469,34.45,30.92,39.93,13.3,0.653,0
KPK,31.4178,69.0956,28.65,36.18,16.94,8.86,0.174,0
Balochistan,27.2714,63.488,28.67,13.53,17.9,8.39,0.625,0
Sindh,25.7844,68.0789,34.44,23.93,33.77,17.55,0.22,0
Sindh,25.7334,68.877,25.49,38.08,33.78,12.39,0.753,0
Punjab,32.1524,71.0313,33.62,36.35,15.56,12.7,0.393,1
Balochistan,31.1439,66.386,33.98,36.0,16.21,17.87,0.717,0
Balochistan,29.2139,67.6889,43.07,34.52,25.95,8.34,0.654,0
Sindh,27.103,68.0228,35.66,5.47,23.16,16.19,0.111,0
KPK,31.3349,73.3868,33.57,23.96,43.82,1.66,0.554,0
KPK,33.5668,73.9461,30.09,37.99,9.58,11.16,0.149,0
Punjab,28.4123,71.8479,35.21,30.3,32.3,17.72,0.106,0
KPK,35.2116,70.8662,38.9,8.34,11.84,1.22,0.507,0
KPK,34.9098,72.7587,42.67,23.13,13.19,16.78,0.534,0
Sindh,26.3124,67.7348,33.6,10.55,17.55,15.14,0.403,0
KPK,33.894,72.162,28.44,21.59,34.51,6.77,0.242,0
Punjab,31.5986,74.3076,44.11,30.35,35.59,13.95,0.509,0
Sindh,27.1092,69.2976,42.52,14.52,33.62,6.6,0.757,0
Balochistan,29.1723,67.6073,35.19,14.75,32.22,20.59,0.144,0
Sindh,26.8901,69.8043,29.13,8.09,33.86,9.21,0.403,1
Sindh,24.32,68.0762,44.55,33.85,31.31,21.45,0.649,0
KPK,35.4406,70.6265,44.82,39.87,38.54,21.12,0.274,0
Punjab,33.8036,74.1333,44.87,37.67,37.65,16.86,0.104,0
Sindh,23.2018,68.056,27.86,5.78,21.34,19.59,0.496,0
Punjab,29.8732,70.0787,25.38,37.08,34.13,7.72,0.193,0
KPK,33.817,72.1231,44.02,25.54,29.5,24.77,0.63,0
KPK,31.6922,71.8942,37.53,35.39,22.03,9.29,0.533,1
Balochistan,31.9738,68.8489,39.29,33.15,34.46,14.83,0.137,0
KPK,32.8122,73.3182,27.42,37.38,31.37,1.36,0.551,0
KPK,32.3764,69.781,38.99,25.98,14.64,17.63,0.419,0
Balochistan,31.6925,61.4848,40.08,5.87,14.34,11.34,0.418,0
KPK,33.6797,71.4425,33.84,10.38,29.19,6.93,0.745,0
Punjab,28.5695,72.9704,40.46,7.33,16.54,22.89,0.531,0
KPK,34.2952,70.0562,43.99,36.01,15.28,18.44,0.301,0
Sindh,24.0028,67.0811,40.21,26.11,30.9,23.52,0.643,0
Punjab,28.4021,74.8767,42.97,34.84,42.7,2.13,0.37,0
Punjab,29.0087,72.3748,26.21,37.98,10.77,10.96,0.471,0
Balochistan,31.8066,64.5179,31.12,32.94,20.07,7.48,0.263,0
Sindh,24.828,67.7685,31.65,39.14,14.29,22.46,0.644,0
Punjab,28.9296,70.4137,35.66,15.58,28.85,20.1,0.196,0
Punjab,29.8217,71.5584,25.07,11.1,40.39,11.04,0.789,0
Sindh,23.2849,68.093,35.09,30.38,29.25,16.68,0.644,0
Sindh,23.2248,66.6318,37.38,31.78,42.8,0.4,0.466,0
Balochistan,28.9554,64.8654,43.44,17.65,39.81,10.17,0.33,0
Balochistan,29.0831,68.2264,44.58,33.62,26.88,18.41,0.459,0
KPK,32.1491,71.7633,33.19,28.16,13.23,14.27,0.23,0
Punjab,30.9446,72.0328,44.87,26.13,29.33,13.97,0.36,0
Punjab,32.7864,71.837,26.91,24.49,39.27,19.9,0.223,0
Balochistan,27.5159,65.1606,36.48,25.61,35.81,15.59,0.52,0
Punjab,32.5016,70.7602,35.08,17.29,11.47,12.15,0.745,1
KPK,34.0497,73.6226,42.29,25.65,8.24,19.31,0.592,0
KPK,33.1499,71.9846,46.99,31.93,22.72,20.69,0.219,1
Balochistan,26.2727,66.1728,29.99,28.45,25.33,19.34,0.186,0
KPK,33.7558,71.1909,43.46,10.62,8.92,11.23,0.266,1
Balochistan,30.6403,68.3197,29.16,37.28,33.74,15.27,0.24,0
Sindh,23.6274,69.8639,30.21,28.71,28.93,23.23,0.371,0
Balochistan,30.4966,64.4489,26.93,14.9,23.49,7.31,0.333,0
Punjab,33.5992,71.3275,38.45,28.75,19.75,21.2,0.763,0
Punjab,30.1025,74.5647,32.47,20.95,33.09,13.58,0.343,0
Sindh,24.5594,67.6999,26.74,20.5,17.66,8.58,0.684,0
Punjab,33.634,72.2641,29.37,10.77,16.88,17.75,0.291,0
Balochistan,28.6803,65.0121,30.43,21.48,32.49,18.78,0.628,0
Sindh,24.4713,66.574,45.71,32.45,25.11,21.62,0.275,0
Sindh,27.4229,70.4778,45.0,15.99,33.57,6.79,0.233,0
KPK,34.019,73.3157,43.09,11.07,25.98,2.92,0.578,0
KPK,33.9804,71.1692,28.62,9.08,28.23,22.56,0.341,0
Punjab,31.4885,70.5293,44.21,23.31,33.89,10.27,0.492,0
Punjab,32.9593,74.0049,27.3,25.19,25.17,2.97,0.786,0
Balochistan,31.3742,67.268,40.39,26.59,39.95,5.58,0.711,0
Punjab,29.7781,74.6916,43.01,39.42,17.61,24.24,0.402,0
Sindh,23.5785,66.1363,36.52,12.64,44.61,14.36,0.197,0
KPK,35.1178,73.1035,35.5,17.28,21.41,20.14,0.33,0
Balochistan,31.0075,63.8667,45.08,24.8,14.76,3.49,0.504,1
Balochistan,28.7547,63.4263,45.52,9.15,42.55,17.1,0.472,1
Balochistan,27.8708,62.9982,39.39,26.67,20.29,23.2,0.691,0
Punjab,28.6982,73.064,45.65,28.16,10.84,8.87,0.485,1
Punjab,28.2807,71.5983,34.64,36.47,43.6,11.1,0.625,0
Punjab,31.949,70.3505,33.7,11.36,13.8,20.68,0.129,0
Punjab,31.1097,73.5506,27.11,16.12,43.84,6.56,0.319,0
Sindh,27.6715,70.5821,38.98,27.04,22.92,18.81,0.472,0
Balochistan,28.3894,64.5512,44.66,28.03,8.3,23.58,0.266,0
Balochistan,31.4904,63.0094,43.57,21.94,27.02,7.71,0.501,0
Sindh,25.797,70.1424,40.68,29.38,20.0,5.85,0.248,1
Punjab,32.8326,74.7338,33.8,32.42,17.84,24.76,0.118,0
Sindh,25.2983,68.1549,31.7,11.93,10.43,22.18,0.394,0
Sindh,25.086,66.8011,28.76,19.64,36.02,22.45,0.159,0
Sindh,27.0248,66.262,28.51,16.75,10.84,5.87,0.681,0
Sindh,23.6773,67.1574,44.11,37.43,23.53,1.27,0.128,1
KPK,35.2898,72.6558,45.83,32.36,19.61,6.2,0.588,1
Punjab,33.8428,72.721,31.06,29.83,18.05,22.61,0.362,0
Punjab,28.5592,72.0525,28.59,12.76,19.75,6.48,0.161,0
Punjab,30.7004,71.6873,44.16,7.92,15.81,18.81,0.136,0
Balochistan,30.3652,64.8751,40.26,24.35,16.0,5.21,0.307,1
Balochistan,26.8955,63.1454,32.94,19.3,33.15,1.42,0.124,0
Sindh,27.0143,67.2326,46.47,17.07,20.48,7.8,0.185,0
KPK,32.2027,72.3619,43.17,28.56,38.5,9.92,0.209,0
Balochistan,26.4921,61.2795,46.77,6.05,24.45,12.62,0.182,0
Sindh,26.2971,68.889,44.05,15.13,25.3,15.48,0.388,0
Punjab,31.9922,72.5036,39.19,5.82,23.9,6.97,0.19,0
Sindh,23.081,70.0919,25.88,36.15,44.7,7.35,0.247,0
KPK,34.0123,71.5582,26.34,15.07,11.45,24.1,0.195,0
Sindh,25.9712,69.0158,40.02,25.14,23.88,6.9,0.638,1
Punjab,33.6584,71.6191,39.55,27.83,17.29,16.26,0.249,0
KPK,31.225,72.6708,32.51,21.75,42.37,8.3,0.426,1
Punjab,32.8405,74.2101,35.62,32.21,32.9,18.11,0.445,0
Balochistan,31.7918,61.4033,44.59,25.19,28.87,12.51,0.149,0
KPK,31.6374,73.001,43.99,10.27,39.51,24.79,0.609,0
Balochistan,31.4016,67.3375,39.88,28.79,43.0,7.4,0.101,0
Sindh,27.6214,67.6291,27.81,20.48,9.57,17.12,0.732,0
Balochistan,28.0564,62.0766,27.08,34.1,41.98,16.24,0.172,0
Punjab,29.7295,71.4939,44.61,5.48,19.94,13.86,0.204,0
Punjab,33.1069,74.7882,37.45,23.01,11.15,13.72,0.366,0
Punjab,29.3544,71.9495,35.56,9.83,11.0,20.74,0.784,0
KPK,35.3681,73.9778,37.82,33.44,20.1,7.64,0.382,1
KPK,33.9615,72.4733,33.02,30.85,32.66,2.99,0.501,0
Sindh,27.3643,68.4998,41.07,26.67,14.91,0.64,0.299,1
Balochistan,30.7791,62.8603,29.97,24.29,27.37,7.06,0.309,0
Balochistan,26.5162,61.4562,27.32,25.5,28.14,5.84,0.546,0
KPK,33.6161,70.3589,33.78,25.95,32.16,3.85,0.784,0
Punjab,32.3813,71.8241,39.1,21.32,15.03,17.54,0.49,0
Balochistan,29.1783,66.8591,45.33,39.13,38.83,7.58,0.777,0
Punjab,32.5375,72.2709,34.07,37.72,17.28,3.01,0.509,0
KPK,35.0788,71.3336,26.69,10.81,10.26,12.48,0.174,0
Punjab,30.4042,70.5757,44.43,19.52,22.33,16.49,0.409,0
KPK,33.2769,71.0748,41.07,9.74,15.31,4.51,0.284,0
KPK,33.0073,70.6904,27.79,18.71,14.02,18.36,0.246,0
Balochistan,26.2518,63.9092,27.17,9.08,17.41,7.39,0.471,0
Punjab,33.4481,71.9816,31.52,10.02,13.6,10.82,0.517,0
Punjab,29.9147,72.3496,36.05,12.03,19.66,19.79,0.741,0
KPK,32.3853,73.7044,27.74,35.63,43.92,4.43,0.605,1
KPK,33.3476,71.1133,46.9,5.37,41.12,3.73,0.65,0
Sindh,27.9126,66.4307,42.92,14.81,12.89,11.0,0.551,0
KPK,31.6355,69.9464,35.11,31.32,41.5,20.88,0.238,0
Sindh,25.94,67.7655,42.6,24.41,38.56,15.79,0.649,0
Sindh,24.237,70.3315,28.62,19.53,8.53,11.96,0.115,0
Balochistan,29.6262,67.1095,36.51,12.94,32.66,2.0,0.409,0
Sindh,26.7115,67.2208,38.16,18.48,39.63,23.81,0.718,0
KPK,31.7266,71.5285,26.36,7.49,29.23,14.15,0.715,0
Balochistan,26.6812,68.3403,42.11,33.78,41.4,13.12,0.416,0
Punjab,33.053,71.4831,26.7,10.95,12.7,3.08,0.463,0
Balochistan,26.3546,66.5258,41.03,6.64,42.34,2.28,0.3,0
Sindh,26.3522,69.2091,34.04,22.14,23.37,0.6,0.335,0
KPK,31.2071,73.839,37.1,38.71,12.25,12.26,0.219,0
KPK,34.9876,72.3877,37.03,21.63,42.13,1.82,0.296,0
Sindh,27.2188,67.6246,40.12,38.66,35.02,12.25,0.542,0
KPK,31.9045,72.9958,32.35,30.58,23.54,14.46,0.683,0
Balochistan,27.0874,68.6576,44.58,27.83,25.01,16.89,0.533,0
KPK,31.6761,72.3773,33.71,9.66,13.87,23.73,0.716,0
Balochistan,28.4545,63.835,31.66,30.58,33.93,14.73,0.757,0
Sindh,23.8073,68.3587,37.18,24.96,15.77,18.56,0.118,0
KPK,31.2166,72.4967,32.27,31.07,23.26,4.89,0.459,0
Balochistan,26.7991,63.0907,34.22,25.98,27.01,7.2,0.105,0
Balochistan,27.4555,61.7305,32.01,8.66,12.76,14.35,0.143,1
Punjab,31.3032,72.0368,36.47,36.38,15.26,0.56,0.703,1
Balochistan,27.8965,66.0157,42.78,26.41,18.94,6.39,0.329,1
Punjab,29.1919,71.2343,31.74,24.43,29.76,10.66,0.531,0
Sindh,26.6154,69.8634,40.73,25.26,8.54,9.01,0.523,1
Punjab,32.0133,73.9933,45.52,5.7,13.69,22.15,0.421,0
KPK,35.4296,73.0804,25.42,30.76,15.71,3.32,0.547,0
Punjab,33.3843,71.281,29.85,9.83,39.79,12.5,0.572,0
Punjab,28.2417,72.5611,39.97,37.61,30.95,20.09,0.159,0
KPK,34.9095,72.8293,40.22,38.8,22.56,3.27,0.57,1
Sindh,26.1601,69.6306,33.07,10.15,15.64,7.83,0.545,0
Punjab,29.615,70.9932,42.23,36.82,21.7,18.78,0.728,0
Balochistan,29.9463,66.1325,25.56,32.58,41.42,6.69,0.669,0
Punjab,32.853,74.3774,31.65,35.05,39.72,19.12,0.203,0
Sindh,27.2666,67.6408,26.18,28.43,16.56,6.09,0.314,0
Sindh,27.3071,66.6865,45.95,16.51,32.51,18.8,0.668,0
Punjab,32.6993,74.0162,46.7,25.92,11.03,16.17,0.537,0
Balochistan,26.3218,66.7397,35.46,34.72,22.19,4.21,0.686,1
KPK,33.009,71.8891,31.77,21.7,37.34,24.53,0.753,0
Sindh,27.1943,69.3551,40.33,17.7,40.53,18.13,0.179,0
KPK,32.6305,69.3546,32.7,35.19,16.62,17.38,0.541,0
KPK,34.8775,70.9656,28.06,5.38,28.14,24.39,0.358,0
Balochistan,27.0296,62.3397,35.18,6.16,12.51,10.4,0.144,0
KPK,31.3668,72.3157,38.1,19.53,23.62,19.63,0.237,0
KPK,34.3677,69.6868,31.09,6.61,42.44,16.52,0.622,0
Balochistan,28.6116,68.3655,32.59,6.92,15.56,10.47,0.254,1
Punjab,31.0779,71.407,43.09,31.35,35.12,21.9,0.606,0
Balochistan,26.7148,65.0991,32.67,18.12,30.99,17.97,0.177,1
KPK,31.5401,70.1632,41.51,14.61,31.11,2.03,0.417,0
Sindh,26.3779,68.5445,43.95,35.31,8.37,19.45,0.423,0
Punjab,29.9243,72.8121,31.15,32.39,40.8,9.97,0.704,0
KPK,32.7279,69.0349,33.88,13.22,38.3,8.43,0.679,1
Balochistan,31.7084,62.0962,36.83,11.47,23.84,1.54,0.257,0
Balochistan,31.2554,68.2424,35.85,16.56,11.95,23.84,0.142,0
Balochistan,27.8878,66.3921,43.57,37.05,34.56,7.09,0.328,1
KPK,31.9506,73.1063,36.98,7.72,43.35,6.17,0.702,0
Balochistan,28.8971,62.6983,27.54,34.27,26.59,0.36,0.662,0
Balochistan,27.7051,63.3117,33.3,18.77,28.15,4.0,0.584,0
Balochistan,28.6832,67.6386,39.4,19.39,32.54,2.96,0.381,0
KPK,33.0676,69.1991,31.03,38.45,43.28,8.81,0.13,0
Punjab,28.6949,73.5298,36.08,34.02,26.8,15.51,0.434,0
Sindh,26.1383,66.9601,28.21,37.83,41.95,22.19,0.538,0
Sindh,27.1016,68.8093,39.77,37.42,30.91,20.62,0.582,0
Punjab,28.7936,70.9834,30.22,15.5,31.78,15.02,0.587,0
Sindh,26.5633,66.9658,35.37,21.54,21.99,12.93,0.389,0
Punjab,28.1521,73.4502,31.95,6.95,30.56,6.02,0.371,0
Punjab,29.2423,72.7199,30.1,34.71,22.7,6.14,0.669,0
Balochistan,26.9702,68.7267,29.53,30.95,28.23,22.11,0.488,0
KPK,34.6443,70.5073,38.19,12.04,40.94,2.87,0.103,0
Punjab,31.5846,74.4045,26.09,14.0,25.21,5.67,0.621,0
Balochistan,30.1485,63.094,38.73,34.03,15.04,22.93,0.487,0
Punjab,32.8708,71.7092,34.54,34.7,21.44,19.85,0.759,0
KPK,33.723,69.2053,41.39,20.61,8.74,1.56,0.371,1
Sindh,24.7849,69.1737,29.1,31.23,28.19,5.1,0.304,0
Balochistan,28.2829,61.849,36.69,18.85,30.69,20.14,0.31,0
Balochistan,30.2437,63.0174,34.83,9.32,15.62,0.02,0.127,0
Sindh,24.6683,67.9385,28.04,30.84,39.71,23.47,0.445,0
Punjab,33.8525,72.8678,32.52,27.7,10.53,22.43,0.184,0
Sindh,26.0707,67.6291,29.22,24.44,29.61,5.17,0.696,0
Sindh,27.2377,66.9091,34.47,10.79,34.14,13.38,0.545,0
Balochistan,29.1085,66.9841,43.4,29.65,42.36,18.47,0.314,0
KPK,35.6508,71.6379,30.7,6.85,34.87,3.03,0.312,0
Punjab,28.3439,70.8729,40.56,29.91,41.24,14.57,0.187,0
KPK,33.9586,69.9601,39.67,26.82,30.29,12.24,0.47,0
Balochistan,30.3681,67.5052,30.66,32.1,22.27,12.67,0.699,0
KPK,33.7909,70.735,45.52,37.29,26.59,8.2,0.616,1
Punjab,29.896,74.2611,25.9,6.74,31.07,1.58,0.327,0
Balochistan,29.1081,65.9135,30.21,21.92,23.88,1.87,0.174,0
Punjab,28.6854,71.2768,43.22,18.23,44.3,11.66,0.654,0
Punjab,33.005,70.5899,25.99,20.33,39.23,6.56,0.395,1
Sindh,27.304,67.731,39.38,17.26,30.84,22.12,0.262,0
Balochistan,31.7976,68.7606,44.03,26.03,33.93,7.13,0.542,0
Sindh,24.0073,67.326,28.73,8.35,23.51,2.83,0.22,0
KPK,33.732,70.2487,32.55,34.82,28.69,12.87,0.17,1
Punjab,31.197,74.3033,40.29,5.37,22.58,21.27,0.342,1
KPK,34.8317,71.0321,44.36,27.7,41.27,15.59,0.192,0
KPK,33.3816,72.3488,33.85,15.43,31.14,3.87,0.361,0
Punjab,31.6997,70.2017,32.18,21.4,13.47,24.62,0.246,0
Punjab,30.0512,74.929,43.45,33.3,19.76,0.22,0.367,1
Balochistan,26.5202,65.3069,45.09,18.58,38.69,3.34,0.755,0
KPK,33.4406,73.0653,27.18,20.0,31.25,5.38,0.539,0
Sindh,24.024,69.99,41.25,7.23,22.33,7.07,0.313,0
KPK,31.235,70.6941,33.91,13.37,31.27,16.01,0.695,0
KPK,32.0939,70.6311,41.64,18.78,30.5,11.11,0.62,0
Punjab,29.3823,71.4462,33.13,28.23,12.37,23.85,0.706,0
KPK,31.7587,71.989,39.62,19.68,33.94,10.27,0.453,1
Punjab,28.7864,73.987,36.17,31.26,19.5,12.86,0.7,0
KPK,33.9104,72.989,44.02,20.99,25.58,9.65,0.777,0
KPK,35.3182,73.984,34.39,8.89,9.13,18.17,0.712,0
KPK,33.7884,69.2731,46.38,22.94,18.76,11.74,0.701,0
KPK,31.8784,71.5659,40.74,39.06,15.45,0.24,0.153,1
KPK,32.7151,73.9406,35.68,11.27,40.97,11.51,0.597,0
Sindh,25.6078,66.6232,46.15,27.26,36.34,1.98,0.133,1
KPK,33.3386,72.0295,34.42,5.95,36.99,0.26,0.633,0
Balochistan,30.752,68.8935,30.52,22.84,41.63,19.63,0.441,0
Punjab,33.7724,72.5448,34.96,14.75,43.48,3.57,0.506,0
Balochistan,30.9419,66.672,37.93,33.72,22.51,11.19,0.611,0
Balochistan,27.5528,63.5317,26.91,15.61,43.76,23.62,0.334,0
Sindh,26.9709,69.1261,45.63,28.79,29.1,15.25,0.76,0
Sindh,24.2882,68.2497,40.24,30.66,44.83,7.19,0.477,0
Punjab,28.5819,70.2785,27.84,7.02,39.27,1.48,0.29,0
Balochistan,29.091,68.9223,38.45,17.98,36.57,4.26,0.369,0
Punjab,29.4379,70.1619,32.39,22.99,37.48,8.45,0.594,0
Balochistan,29.027,63.0868,25.2,27.69,26.91,11.14,0.777,0
KPK,34.2717,73.3626,30.37,20.75,42.26,16.5,0.372,0
Sindh,24.9724,70.3353,30.37,38.84,43.45,6.19,0.344,0
Punjab,29.9379,74.4451,28.53,11.06,17.87,2.99,0.261,0
Sindh,24.9314,67.7674,31.94,22.19,19.87,4.81,0.317,0
KPK,34.8968,71.6125,39.1,32.52,22.99,0.07,0.695,1
Sindh,26.3844,66.3205,38.12,30.89,15.81,21.04,0.121,0
KPK,32.5483,73.6891,39.9,9.17,10.55,12.09,0.254,0
KPK,31.6282,70.4486,30.25,12.47,23.21,17.6,0.252,0
Punjab,33.1974,74.3579,34.2,20.55,19.22,17.92,0.351,0
Balochistan,30.6664,67.8666,43.59,17.59,33.43,7.82,0.143,0
Balochistan,30.6663,62.8067,28.87,35.32,24.43,3.43,0.704,0
Punjab,32.3621,73.4646,46.72,12.88,32.51,15.24,0.741,0
Punjab,30.5873,72.8465,25.05,14.12,27.18,18.06,0.222,0
Punjab,31.1125,70.2558,30.12,22.22,19.48,4.54,0.453,0
KPK,33.2309,71.7699,31.56,20.93,14.05,7.6,0.535,0
Punjab,32.6066,70.5698,39.17,34.2,29.36,16.16,0.421,0
Sindh,27.1187,66.4263,44.06,22.47,18.97,6.63,0.402,1
Sindh,23.8168,66.5216,28.2,35.7,27.54,11.68,0.175,0
Balochistan,26.7745,66.9384,39.15,16.05,31.0,5.5,0.411,0
Sindh,24.9253,70.7149,38.43,34.22,34.28,2.81,0.615,0
Balochistan,27.0236,64.4941,35.21,32.62,30.31,16.36,0.799,0
Balochistan,31.0183,68.7955,46.46,7.28,38.41,16.16,0.553,0
Sindh,24.2755,69.8394,41.54,25.59,15.87,2.43,0.145,1
KPK,31.2755,71.1345,35.32,37.5,31.72,7.79,0.468,0
KPK,35.5694,73.9052,39.56,33.59,35.73,17.49,0.315,0
Balochistan,26.7515,66.2441,25.88,25.92,40.18,22.27,0.414,0
Balochistan,31.2161,66.8946,36.02,25.05,13.08,23.44,0.346,0
Sindh,23.9625,66.5094,45.04,33.72,36.12,1.22,0.691,0
Balochistan,29.1623,65.6603,40.04,31.36,34.92,21.74,0.233,0
Sindh,25.939,70.2017,25.38,6.72,29.19,20.49,0.329,0
Sindh,27.9739,70.8328,34.7,14.11,39.02,17.89,0.581,0
KPK,32.7624,69.6306,27.86,28.67,39.77,24.07,0.54,0
KPK,32.6429,72.0113,32.09,32.19,10.62,16.51,0.666,0
Punjab,33.1051,71.4307,39.09,16.0,43.44,0.84,0.506,0
KPK,34.8729,70.0886,38.67,6.68,25.89,0.37,0.745,0
Punjab,33.4707,70.7331,39.21,13.15,13.8,17.09,0.516,0
Sindh,27.5582,70.6401,28.64,5.08,44.41,22.65,0.139,0
Sindh,27.5764,67.3284,44.71,8.62,32.29,22.67,0.218,0
KPK,34.4199,69.9511,36.46,21.42,10.63,20.46,0.335,0
Punjab,30.5377,73.9779,28.11,9.56,31.81,4.93,0.168,0
Punjab,29.4211,70.8247,27.74,17.81,16.49,5.46,0.138,1
Balochistan,26.234,64.6445,44.6,24.93,38.8,24.79,0.215,0
KPK,33.3351,72.4283,29.98,9.61,40.82,6.88,0.257,0
KPK,32.9142,72.1532,34.46,20.32,19.48,19.05,0.755,0
Balochistan,31.717,62.9147,38.73,21.59,40.4,6.79,0.103,0
Balochistan,27.5429,66.7551,25.62,18.14,31.19,3.65,0.676,0
KPK,35.899,73.3428,28.83,6.62,29.45,22.82,0.224,1
Balochistan,27.2686,63.1214,39.58,38.79,41.89,12.57,0.657,0
Sindh,24.7215,66.3088,41.16,23.26,15.89,19.54,0.243,0
Balochistan,28.0534,68.8511,38.85,19.57,14.16,24.65,0.675,0
Balochistan,26.8617,66.2636,41.0,32.53,17.02,7.65,0.438,1
KPK,34.6594,69.8698,32.95,27.31,10.62,9.04,0.474,0
KPK,34.1746,73.2947,32.58,18.66,40.97,20.34,0.6,0
KPK,33.0869,69.7216,27.06,5.58,40.32,5.91,0.248,0
Punjab,31.7319,74.4099,46.1,11.73,34.54,16.61,0.34,1
Sindh,23.0431,66.0999,37.91,20.94,27.17,0.19,0.396,0
Sindh,27.3899,67.3459,46.61,18.4,14.58,8.79,0.408,1
Balochistan,28.4938,63.0664,44.07,28.42,24.58,12.2,0.243,0
Punjab,32.2125,72.5369,34.71,9.57,18.77,21.72,0.733,1
KPK,33.9312,71.4618,29.23,21.24,17.1,22.87,0.335,0
Sindh,27.6745,69.1854,44.77,20.98,13.53,23.25,0.421,0
Sindh,24.1024,66.8228,33.94,37.43,34.29,10.47,0.462,0
Punjab,33.131,71.7938,38.88,30.02,23.9,7.66,0.774,1
Balochistan,30.3054,67.2146,39.82,26.51,41.02,1.97,0.332,0
Punjab,29.3242,72.6665,46.91,33.02,39.29,15.88,0.129,0
Balochistan,26.1179,68.0351,46.24,16.95,20.52,0.18,0.576,0
KPK,35.9013,72.2506,41.32,6.1,12.5,15.83,0.729,0
Balochistan,30.8656,64.2029,45.84,19.23,36.56,12.1,0.728,0
Punjab,30.0488,71.078,42.9,12.6,28.06,24.21,0.203,0
Balochistan,26.2992,62.1993,36.83,25.15,31.87,0.42,0.772,1
Sindh,24.2889,69.5068,25.32,6.73,30.18,8.54,0.767,0
Punjab,30.9938,70.3611,40.06,22.61,36.31,12.13,0.205,0
Sindh,27.2997,67.0652,38.37,7.93,31.79,19.06,0.509,0
Balochistan,30.8222,67.5426,46.54,22.57,24.83,18.84,0.193,0
Punjab,32.8901,71.3034,31.53,5.02,43.63,22.94,0.635,0
Punjab,28.7734,73.6,27.23,26.81,21.17,19.72,0.264,0
KPK,32.6003,72.8158,42.65,18.48,23.46,1.11,0.302,1
KPK,34.5017,72.7943,27.33,22.71,38.14,23.4,0.459,0
KPK,33.6463,71.922,42.53,16.93,37.8,8.47,0.139,0
Balochistan,27.9998,64.9354,37.6,13.34,37.38,12.16,0.334,0
KPK,34.8658,69.5313,42.13,10.97,24.55,5.26,0.583,0
Punjab,31.3103,71.7828,34.84,38.79,21.96,6.46,0.27,0
Punjab,32.3861,70.3831,39.61,13.31,26.1,7.15,0.606,0
Balochistan,30.452,61.4182,43.76,11.94,40.35,8.81,0.606,0
Sindh,24.409,67.3376,36.42,13.2,12.57,3.09,0.508,0
Sindh,27.6164,68.7241,30.93,29.58,32.38,24.73,0.286,0
Sindh,24.0104,66.5504,33.43,34.3,40.02,15.07,0.609,0
Sindh,24.4234,67.8799,41.64,23.89,10.87,0.45,0.172,1
KPK,31.5601,73.2473,36.72,21.5,44.3,18.51,0.183,0
KPK,33.5613,71.4369,38.75,38.12,29.45,13.51,0.135,0
Punjab,32.0798,71.0144,41.4,39.85,32.63,12.34,0.746,1
Sindh,24.8615,67.2733,35.76,19.26,44.5,1.4,0.2,0
Sindh,24.3967,67.847,28.51,35.99,8.37,22.06,0.5,0
Sindh,25.9675,67.0506,27.56,38.95,8.81,20.07,0.652,0
KPK,32.2842,69.4626,27.22,11.97,44.99,0.05,0.547,0
KPK,35.211,70.0465,26.6,29.61,22.89,23.0,0.555,0
Balochistan,31.56,64.8695,31.94,32.61,33.23,22.22,0.585,0
Punjab,32.637,74.0159,28.38,17.83,21.81,3.79,0.659,0
Punjab,32.8562,71.8964,26.04,11.18,43.37,1.76,0.348,0
KPK,35.5567,71.7705,28.84,18.25,39.2,16.11,0.556,0
Sindh,26.3292,67.0776,29.86,30.52,26.51,10.38,0.218,0
Balochistan,30.3207,61.6891,35.2,11.09,20.49,0.45,0.38,0
Sindh,27.588,69.3656,46.8,35.9,25.5,12.99,0.233,0
Punjab,31.0053,74.9071,27.14,15.61,31.61,8.75,0.75,0
Balochistan,31.0132,68.6929,42.05,26.77,30.45,21.24,0.479,0
Punjab,32.5731,73.568,29.57,24.91,40.11,10.8,0.777,0
Punjab,32.4676,74.8222,40.79,39.74,33.84,7.34,0.57,0
KPK,32.5576,72.9146,34.74,21.98,36.78,9.56,0.41,0
Punjab,30.1772,73.0055,43.67,36.1,25.9,18.21,0.322,0
Balochistan,30.3412,65.6175,39.25,6.03,30.87,12.74,0.482,0
KPK,33.2117,72.3434,31.94,28.89,40.25,5.94,0.785,0
Punjab,31.0522,71.2156,41.38,10.89,15.03,11.52,0.3,0
Balochistan,30.0321,66.0834,42.73,33.88,40.12,10.35,0.589,0
Punjab,28.0441,72.591,25.83,24.92,42.07,24.21,0.478,0
Balochistan,27.8672,62.6725,43.67,36.71,28.04,15.74,0.28,0
Sindh,23.8214,68.5186,43.26,28.24,20.52,23.39,0.739,0
Balochistan,30.3086,65.6516,45.85,6.88,11.93,4.34,0.583,0
Sindh,25.2981,69.1425,37.26,30.99,18.35,14.12,0.162,0
Sindh,26.1688,66.7025,34.74,24.65,39.41,11.09,0.743,0
Punjab,33.2946,71.0176,44.21,7.09,40.88,8.23,0.32,0
Balochistan,30.4886,62.6662,29.51,11.63,12.65,7.78,0.72,0
Sindh,26.8097,68.5256,46.74,21.28,10.15,6.56,0.405,1
KPK,32.9362,72.922,35.84,11.33,35.19,6.3,0.444,0
KPK,33.8107,71.7635,27.52,9.41,27.59,6.72,0.115,0
Sindh,23.991,66.72,46.99,26.78,23.95,7.2,0.523,0
KPK,33.1517,70.6015,44.95,11.69,30.77,10.14,0.129,0
Punjab,32.1466,74.416,45.86,22.04,33.99,21.3,0.35,0
Balochistan,30.5981,66.2636,43.13,27.66,43.85,17.85,0.747,0
Punjab,31.2405,73.7481,41.01,27.05,21.31,10.15,0.779,0
Punjab,33.703,71.918,34.34,30.01,30.34,7.47,0.388,0
Punjab,30.6622,74.4566,34.05,10.08,27.4,24.07,0.525,0
Punjab,28.0598,70.4238,42.77,32.0,41.86,21.36,0.578,0
Punjab,33.2447,70.1523,27.0,34.91,31.33,18.68,0.247,0
KPK,32.1283,70.059,42.44,11.54,10.47,24.96,0.117,0
KPK,32.7973,73.2918,30.12,9.04,20.07,5.51,0.748,0
Sindh,27.4414,68.2997,38.35,11.6,37.78,24.18,0.288,0
Balochistan,30.1782,66.3758,30.29,31.03,35.76,7.93,0.439,0
Sindh,26.805,69.5651,33.06,6.85,35.93,23.88,0.268,0
Balochistan,28.4202,66.4118,29.18,33.66,12.32,16.4,0.339,0
Sindh,23.0293,66.3925,44.39,7.73,34.15,23.0,0.289,0
Punjab,31.0183,73.3106,45.08,35.58,26.57,10.94,0.338,0
Balochistan,27.1464,67.3241,34.99,15.56,22.21,21.36,0.624,0
KPK,31.1456,72.8455,44.84,20.62,28.38,23.61,0.249,0
KPK,31.5837,69.6453,36.81,37.78,19.41,21.74,0.635,0
KPK,34.3641,71.6521,39.58,25.66,23.64,5.02,0.314,1
KPK,33.4254,71.7041,43.0,11.01,37.89,17.32,0.489,0
Sindh,27.0889,68.7466,45.46,38.18,10.56,11.41,0.527,0
KPK,33.249,72.7818,42.47,22.31,41.11,6.69,0.387,0
KPK,31.9478,73.4612,34.48,11.93,24.21,10.22,0.4,0
Sindh,24.256,67.6028,27.97,15.37,29.17,11.05,0.343,0
Sindh,24.5288,66.3642,45.52,18.81,37.33,6.98,0.552,0
Sindh,23.3163,66.6585,43.89,27.18,17.37,13.88,0.469,0
Balochistan,30.5141,61.1412,36.37,23.54,22.83,7.43,0.577,1
KPK,34.9507,70.0889,39.89,33.11,28.79,18.52,0.563,0
KPK,32.9124,70.5226,25.55,5.14,16.41,10.16,0.696,0
Punjab,31.2705,73.3073,44.87,8.45,16.59,17.72,0.677,0
Balochistan,26.9238,66.6429,30.36,21.4,29.88,22.17,0.722,0
Balochistan,29.5764,61.7172,32.42,8.14,43.58,20.18,0.422,0
Balochistan,28.4998,62.2401,39.62,29.81,14.58,22.21,0.409,0
KPK,31.5662,71.8509,43.96,21.7,44.8,16.98,0.152,0
Balochistan,30.3496,61.9135,36.4,25.56,14.45,24.07,0.223,0
KPK,35.996,70.4342,31.17,10.59,14.07,7.13,0.655,0
KPK,33.6006,72.0537,30.81,15.05,26.92,20.17,0.135,0
Sindh,24.4363,69.684,34.98,39.62,10.03,8.88,0.437,0
Punjab,29.6465,72.0001,42.12,37.94,39.89,14.11,0.387,0
Punjab,30.3909,71.5846,35.28,15.0,43.58,7.82,0.169,0
Balochistan,29.4788,66.0229,33.04,23.74,37.17,20.45,0.771,0
Balochistan,27.8988,67.192,26.15,5.45,37.44,11.93,0.192,0
KPK,35.6787,71.9881,42.81,33.01,42.49,19.26,0.623,0
KPK,31.9862,70.0677,39.87,19.18,42.47,2.23,0.458,0
KPK,32.8166,70.9514,27.33,28.47,18.69,14.64,0.514,0
KPK,31.427,73.5472,29.26,19.57,24.61,14.98,0.15,0
Punjab,30.3166,73.4491,38.25,8.75,26.8,18.39,0.794,0
Sindh,23.3595,70.545,46.07,7.72,27.7,7.58,0.375,0
Punjab,28.9137,71.3199,34.41,30.65,20.44,8.22,0.299,0
KPK,31.9555,72.8438,30.84,31.85,15.62,8.04,0.426,0
Sindh,27.6833,66.5314,43.52,21.9,32.4,12.77,0.434,0
KPK,33.4587,73.4812,42.75,5.13,19.84,10.54,0.261,0
Punjab,31.7732,73.8142,41.84,17.47,18.14,20.03,0.364,0
Punjab,33.8671,71.0028,29.74,15.22,14.39,9.48,0.738,0
Sindh,27.0609,70.3301,28.79,34.77,40.48,13.74,0.559,0
Balochistan,30.1884,66.1051,32.05,8.27,23.8,3.22,0.763,0
KPK,33.8467,70.9136,41.66,15.7,29.94,13.44,0.103,0
Balochistan,30.5798,62.092,30.03,35.89,8.74,18.82,0.432,0
Sindh,25.3407,70.4377,39.11,19.48,18.83,9.38,0.456,1
KPK,35.7685,72.2106,31.56,9.43,39.17,9.05,0.562,0
Punjab,28.4538,72.8853,39.14,34.74,18.82,4.19,0.365,1
Punjab,28.2329,70.9706,36.81,37.72,38.89,21.06,0.312,0
Balochistan,30.829,63.9519,43.8,33.08,20.9,17.35,0.212,0
Sindh,26.3352,70.5579,32.6,26.75,9.44,4.67,0.682,0
Balochistan,28.3231,63.7689,43.39,8.54,33.01,6.22,0.111,0
KPK,31.9576,71.5213,44.04,13.45,10.91,8.91,0.623,0
Balochistan,27.8584,67.87,40.41,19.06,10.82,18.32,0.532,1
Sindh,26.3335,67.4214,37.89,25.54,24.49,20.9,0.285,0
Balochistan,31.1778,63.1282,38.0,22.7,8.67,23.32,0.155,0
Punjab,28.122,71.0259,35.72,35.74,27.51,23.25,0.439,0
KPK,35.4392,71.2756,37.23,19.14,25.02,0.38,0.299,0
Balochistan,26.7861,65.8077,25.75,22.41,13.73,4.57,0.356,0
Punjab,33.8378,71.1073,42.72,7.04,42.08,21.86,0.5,1
Punjab,32.5906,72.1638,35.65,27.68,8.68,16.35,0.533,0
Balochistan,31.9676,64.8559,41.63,20.83,9.6,7.74,0.324,1
Sindh,24.1832,70.4487,25.2,12.05,43.48,15.34,0.283,0
KPK,34.3205,71.6402,46.33,30.34,15.85,2.63,0.582,1
Balochistan,31.4485,67.435,26.45,29.24,29.16,22.69,0.186,0
Punjab,31.5036,70.4122,41.84,7.44,25.71,4.31,0.627,0
Punjab,32.0278,70.8109,35.7,30.85,40.07,15.66,0.568,0
Sindh,26.281,68.3583,37.58,6.62,31.09,15.65,0.724,0
Balochistan,29.7069,67.1598,27.29,38.68,40.94,6.76,0.676,0
Sindh,26.6546,67.4386,41.22,7.45,39.99,12.49,0.407,0
Balochistan,31.1585,64.666,30.77,13.46,25.87,22.17,0.365,0
Sindh,23.5047,70.8094,39.36,20.96,22.72,8.12,0.787,1
Sindh,26.8561,67.1405,45.29,25.74,22.06,12.55,0.524,0
Balochistan,30.5446,67.0604,42.81,36.03,17.73,5.61,0.426,1
Sindh,24.8451,66.6776,36.4,8.94,42.56,4.59,0.277,0
Sindh,25.1017,70.7178,44.86,35.53,10.64,21.36,0.647,0
Balochistan,30.2882,68.5016,45.07,38.11,17.05,3.29,0.312,1
Punjab,33.1508,72.732,37.53,17.01,28.78,1.83,0.635,0
Sindh,24.6928,68.3672,38.49,35.41,32.49,10.85,0.674,0
Sindh,25.9994,69.4771,43.16,6.96,25.76,13.38,0.218,0
Balochistan,31.486,63.1223,44.89,16.22,28.44,1.26,0.131,0
Balochistan,30.714,63.6062,42.97,19.31,20.09,18.62,0.156,1
Punjab,30.9092,71.775,32.06,38.74,31.74,0.59,0.401,0
KPK,33.1579,72.818,46.84,28.07,9.87,2.61,0.717,1
Balochistan,29.0244,65.3591,31.24,38.19,39.17,18.06,0.155,0
Balochistan,29.8567,65.7015,44.71,27.86,20.91,24.16,0.661,0
KPK,32.3735,73.4388,25.89,36.98,38.82,7.44,0.653,1
KPK,33.2092,72.8535,30.81,5.19,32.73,24.32,0.525,0
Punjab,33.6935,71.23,36.71,21.88,34.01,1.7,0.236,0
KPK,32.1817,69.4893,37.68,24.38,14.97,1.41,0.156,1
Punjab,28.2987,71.3425,39.39,23.68,42.93,9.91,0.586,0
Balochistan,26.7691,61.9834,38.63,28.64,36.76,13.92,0.552,1
Punjab,31.2668,70.8422,41.73,39.47,42.99,4.93,0.713,0
Balochistan,29.9286,64.1207,29.28,30.61,13.7,21.39,0.46,0
Sindh,26.3709,69.1663,27.19,26.15,12.48,1.97,0.469,0
Sindh,26.4172,69.4194,36.04,32.23,39.13,14.49,0.533,0
KPK,35.8794,70.4313,34.32,27.75,8.91,20.26,0.476,0
Sindh,27.0631,66.6429,25.4,29.14,19.15,15.65,0.205,0
KPK,32.8181,70.0841,39.73,38.97,14.5,14.93,0.397,0
Punjab,31.0968,71.5242,40.13,35.24,19.06,4.82,0.181,1
Sindh,26.4504,67.9519,34.15,21.42,21.61,2.52,0.317,0
Punjab,32.218,71.0806,29.03,20.11,38.25,21.07,0.464,0
Balochistan,27.6776,62.0193,39.06,7.63,12.97,16.12,0.338,0
Balochistan,30.5636,62.3457,43.34,11.83,41.03,11.47,0.574,0
Balochistan,31.9934,65.8621,33.9,12.88,17.51,11.99,0.357,0
KPK,35.5072,71.7871,44.11,34.21,38.82,17.45,0.304,0
Sindh,27.354,68.5637,33.76,22.4,32.69,0.32,0.71,0
KPK,31.2711,72.6274,26.78,30.08,17.24,21.94,0.669,0
Balochistan,30.8449,61.8748,33.74,16.79,29.07,21.53,0.155,0
Balochistan,31.2025,68.6214,33.91,22.72,43.95,6.91,0.655,0
Balochistan,28.49,63.6155,38.35,37.57,38.97,24.89,0.116,0
Sindh,25.4415,67.6886,37.08,31.19,37.01,8.12,0.605,0
Punjab,32.3717,71.7742,38.48,25.49,28.26,16.01,0.282,0
Sindh,27.1797,66.7432,35.04,22.23,9.36,4.89,0.679,1
Balochistan,27.1512,61.4897,38.0,39.62,14.17,1.17,0.646,1
KPK,34.0187,69.5263,37.6,22.52,39.66,13.27,0.279,0
Sindh,25.5395,68.6429,42.83,30.74,32.56,2.83,0.604,0
Punjab,30.0521,74.1612,31.05,30.66,11.48,23.78,0.536,0
Punjab,28.0501,70.843,37.78,30.0,41.92,17.64,0.57,0
Balochistan,30.056,66.6453,35.76,18.4,16.22,20.62,0.526,0
Balochistan,31.04,66.7993,44.68,9.11,44.64,5.24,0.108,0
Balochistan,27.8275,62.4083,42.3,15.94,41.83,21.02,0.693,0
Sindh,24.6823,67.056,31.89,11.26,41.37,9.93,0.272,0
Punjab,28.3036,74.6314,46.16,11.63,33.03,2.31,0.611,0
KPK,34.253,73.4484,34.69,36.54,35.77,12.22,0.522,0
Sindh,27.1894,70.4139,45.29,8.66,12.76,13.93,0.726,0
Balochistan,28.6298,63.1015,28.62,29.12,27.04,5.0,0.324,0
Punjab,28.1203,74.4523,37.52,33.42,37.89,4.75,0.177,0
Balochistan,29.8537,61.3069,38.67,32.23,26.51,8.94,0.294,0
KPK,35.1789,71.0758,41.83,11.11,19.92,24.36,0.79,0
KPK,34.7466,73.8235,26.62,6.87,42.69,13.25,0.53,0
Balochistan,28.9955,63.1783,28.73,26.73,34.6,14.24,0.617,0
Sindh,25.9649,70.68,39.92,19.51,33.51,8.6,0.294,0
Balochistan,26.2013,65.4832,40.29,32.85,20.59,0.16,0.436,0
Balochistan,26.2006,63.934,30.22,20.65,10.68,23.85,0.256,0
Balochistan,29.8387,61.4375,33.96,11.21,12.06,14.18,0.75,0
Sindh,25.1229,70.6684,36.93,23.46,13.22,0.02,0.667,1
KPK,33.8193,71.5822,40.99,25.29,14.01,16.85,0.193,0
Sindh,25.317,68.9972,28.77,30.96,19.2,16.56,0.211,0
Balochistan,31.3359,65.1552,37.43,28.44,43.57,15.07,0.492,1
Punjab,28.5263,71.9577,40.69,28.08,31.11,7.06,0.365,0
Sindh,24.6937,68.3499,43.87,15.45,42.18,5.75,0.625,0
KPK,35.4865,71.5911,35.02,6.08,40.53,0.33,0.761,0
Sindh,27.2622,68.5015,39.94,18.72,17.75,23.87,0.523,0
Balochistan,26.0043,68.4948,28.62,13.18,17.75,0.95,0.186,0
Balochistan,27.9101,64.0498,46.8,13.67,26.74,21.11,0.267,0
Sindh,23.517,68.1575,30.06,23.06,17.38,23.51,0.734,0
Punjab,33.7194,72.7049,40.74,24.49,39.63,23.24,0.229,0
Punjab,28.5703,71.0023,34.1,12.22,40.43,3.96,0.419,0
KPK,35.1927,71.3554,34.05,13.28,35.01,3.29,0.576,0
Punjab,32.993,72.4701,27.61,5.48,19.22,17.45,0.653,0
Sindh,23.6762,68.855,33.97,28.15,40.63,10.23,0.303,1
Punjab,31.7636,71.5819,46.41,11.78,20.8,8.95,0.106,0
Sindh,26.7458,67.6439,38.44,35.49,8.57,10.89,0.257,0
KPK,31.2702,71.2862,37.09,36.07,11.87,20.57,0.247,0
Sindh,25.409,68.8561,43.16,14.63,10.78,17.69,0.438,0
KPK,33.4523,70.2885,44.47,25.2,16.18,6.73,0.662,0
Sindh,24.5478,67.4615,42.84,8.07,37.81,16.73,0.613,0
Sindh,23.0117,67.224,39.97,9.24,12.21,10.27,0.553,0
Punjab,28.2253,71.58,31.91,27.17,11.91,15.71,0.167,0
Punjab,32.6155,72.9836,32.42,14.19,12.51,12.74,0.51,0
Punjab,28.2899,72.8163,39.25,12.33,13.37,22.61,0.778,0
KPK,35.6596,70.3944,45.9,7.21,30.31,1.43,0.726,0
KPK,35.3996,73.9987,30.37,31.72,29.7,6.53,0.787,0
Punjab,28.1858,71.3745,25.72,19.71,41.12,24.57,0.546,0
Sindh,23.1795,70.5743,32.74,19.38,8.68,6.76,0.663,0
Sindh,26.4415,67.0986,34.65,32.37,37.01,11.33,0.655,0
Balochistan,30.1212,68.3064,38.39,24.59,43.56,15.68,0.282,0
KPK,31.5224,72.6013,40.12,8.35,42.14,14.21,0.355,0
Balochistan,26.5541,66.3921,26.24,28.55,39.19,9.97,0.465,0
Punjab,30.8393,73.0886,35.04,36.29,26.42,21.05,0.661,0
Punjab,32.4709,71.0678,25.23,32.18,38.4,1.49,0.528,0
Balochistan,26.6557,67.3551,27.18,14.5,39.64,8.66,0.781,0
Punjab,33.6529,74.4393,27.25,31.04,37.81,6.78,0.43,0
KPK,31.6366,69.8784,46.13,29.26,37.65,9.94,0.335,0
Balochistan,27.9666,67.8806,27.7,20.17,22.68,23.45,0.207,1
Sindh,24.6668,68.2456,37.55,20.25,23.35,18.32,0.58,0
KPK,33.7758,72.6521,36.72,37.59,43.2,9.04,0.644,0
Balochistan,30.0984,66.2858,45.91,30.54,9.93,22.11,0.704,0
KPK,33.805,69.6725,32.04,36.97,23.14,18.71,0.179,0
KPK,35.9413,70.9443,26.04,33.04,30.36,4.96,0.446,0
Balochistan,30.1086,62.0035,42.3,5.63,25.86,8.28,0.618,0
Sindh,23.8585,68.6492,31.38,27.01,12.36,16.37,0.298,1
Balochistan,27.5738,67.7111,25.71,23.21,28.98,14.03,0.433,0
KPK,31.3177,70.9812,46.2,23.86,18.65,3.01,0.592,1
KPK,33.7557,72.5434,27.52,15.69,36.91,9.15,0.269,0
Punjab,28.6189,74.7151,42.49,11.34,34.34,9.62,0.382,0
Balochistan,28.8805,64.9313,40.88,37.82,11.38,0.49,0.664,1
Balochistan,27.1688,67.5283,42.66,22.02,19.04,15.95,0.302,0
Sindh,23.6706,66.282,44.1,15.32,8.07,5.6,0.338,0
Punjab,29.446,74.6806,36.44,17.77,40.32,9.87,0.335,0
Balochistan,28.1044,67.0619,37.81,29.11,28.98,17.09,0.102,0
Balochistan,28.2635,66.3126,30.61,9.45,10.17,7.64,0.21,0
Punjab,33.5593,74.4906,41.1,17.84,11.93,17.22,0.785,0
Balochistan,31.2277,62.5407,27.15,36.42,20.95,13.78,0.352,0
KPK,33.1169,69.0225,31.89,23.44,20.0,2.78,0.41,0
KPK,34.9635,72.1456,28.36,29.86,33.06,0.61,0.388,0
Balochistan,28.1595,66.3424,25.89,18.68,37.26,20.08,0.601,0
Punjab,30.477,74.2993,30.54,39.34,30.71,19.84,0.16,0
KPK,35.5075,69.1737,32.04,25.88,30.38,12.0,0.671,0
KPK,31.5398,69.3482,37.96,23.22,35.46,12.74,0.396,0
Balochistan,27.0758,62.8061,25.55,30.3,37.98,19.92,0.189,0
KPK,31.3726,71.552,46.33,29.26,10.62,4.73,0.64,1
Sindh,27.7807,69.4914,29.57,5.71,25.74,12.84,0.268,0
Balochistan,27.2068,62.429,32.43,19.65,26.82,11.92,0.289,1
KPK,35.7289,73.6493,33.39,7.75,14.36,1.48,0.174,0
Punjab,29.2364,72.2061,26.43,33.89,12.66,22.58,0.705,0
KPK,31.8856,71.1433,27.79,24.82,22.74,7.11,0.219,0
Balochistan,30.7104,67.5726,37.2,11.29,25.31,24.2,0.627,0
Punjab,33.2319,70.4903,34.6,38.68,38.86,12.24,0.634,0
Sindh,24.4096,68.6543,26.14,10.55,38.07,3.32,0.263,0
Balochistan,30.2235,66.2064,46.29,35.2,24.61,1.57,0.433,1
Balochistan,30.4613,65.6459,33.54,10.98,16.39,14.39,0.396,0
Balochistan,29.5228,61.5335,43.25,24.68,32.82,17.58,0.304,0
KPK,34.0301,69.4482,46.1,30.05,37.16,17.6,0.513,0
Punjab,32.8433,71.835,31.97,34.75,39.31,8.91,0.683,0
Balochistan,27.449,65.0778,33.36,20.7,44.28,8.76,0.417,0
Punjab,33.3263,71.5909,28.65,31.11,22.0,11.83,0.541,0
KPK,31.6517,70.5463,27.57,39.51,19.42,3.26,0.239,0
Punjab,29.5975,72.486,34.24,11.71,20.35,18.19,0.568,0
Sindh,24.0342,69.2701,34.16,11.29,33.5,14.13,0.701,0
Punjab,29.6708,74.4824,39.0,30.57,41.97,22.8,0.617,0
Punjab,33.7409,71.6499,46.17,36.55,18.0,20.09,0.797,0
Sindh,24.5442,69.0568,46.21,8.35,8.83,1.39,0.137,0
Sindh,26.5246,66.426,39.3,27.88,43.38,0.08,0.274,0
Sindh,24.5825,66.1779,28.01,31.74,8.67,23.36,0.16,0
Balochistan,28.8119,68.5086,29.09,39.23,44.79,13.89,0.219,0
